{
  "per_timestep": {
    "ssim": {
      "mean": [
        0.3494188189506531,
        0.33986732363700867,
        0.33348986506462097,
        0.3277871608734131,
        0.3222973942756653,
        0.31800687313079834,
        0.31391847133636475,
        0.31098219752311707,
        0.3079460561275482,
        0.30663660168647766,
        0.30364543199539185,
        0.30083951354026794,
        0.29882219433784485,
        0.29766494035720825,
        0.2966301143169403,
        0.29482340812683105
      ],
      "std": [
        0.1158842146396637,
        0.1182844266295433,
        0.11930987238883972,
        0.12007708847522736,
        0.12075184285640717,
        0.12110920250415802,
        0.12108492106199265,
        0.12069157510995865,
        0.12082924693822861,
        0.1214957982301712,
        0.12265000492334366,
        0.12336172163486481,
        0.12272702902555466,
        0.1217731311917305,
        0.12104091048240662,
        0.11990310251712799
      ]
    },
    "psnr": {
      "mean": [
        15.96807284234379,
        15.805833450007446,
        15.682035952358474,
        15.567211073119566,
        15.461699410626585,
        15.358220165005628,
        15.284909745092941,
        15.213327618933606,
        15.149991504127666,
        15.108994412812876,
        15.078142535206885,
        15.038464163201489,
        14.993192244500035,
        14.976007611717096,
        14.969488863717533,
        14.9570103586457
      ],
      "std": [
        1.1730808233541759,
        1.2054153170741788,
        1.230336374851958,
        1.2571760861192627,
        1.2846018539356734,
        1.306312035837355,
        1.3190624883434448,
        1.339583696452339,
        1.358357798898457,
        1.375688169072094,
        1.3936405769023645,
        1.4204426080402968,
        1.4458270360770642,
        1.4357613529810829,
        1.4221977365871963,
        1.397706256771062
      ]
    },
    "mse": {
      "mean": [
        0.026202687993645668,
        0.027245234698057175,
        0.02807467244565487,
        0.028876695781946182,
        0.02963913232088089,
        0.030398452654480934,
        0.030949899926781654,
        0.03151978924870491,
        0.032031841576099396,
        0.03238842263817787,
        0.03268081694841385,
        0.033063504844903946,
        0.03350652754306793,
        0.033608049154281616,
        0.03360210359096527,
        0.03362007066607475
      ],
      "std": [
        0.006698006298393011,
        0.007075272034853697,
        0.007437336258590221,
        0.007844893261790276,
        0.008244281634688377,
        0.008638868108391762,
        0.008999376557767391,
        0.009473931975662708,
        0.00987215992063284,
        0.01026942115277052,
        0.01074956078082323,
        0.01130608282983303,
        0.012129955925047398,
        0.011971583589911461,
        0.011537160724401474,
        0.01108719315379858
      ]
    },
    "lpips": {
      "mean": [
        0.8554968589544296,
        0.8651281785964966,
        0.8750900143384933,
        0.8799611002206802,
        0.8869122874736786,
        0.891202740073204,
        0.8964450114965439,
        0.9021141940355301,
        0.9048381078243256,
        0.9068641072511673,
        0.9122668886184693,
        0.9165714830160141,
        0.918836082816124,
        0.9219338363409042,
        0.9249761134386063,
        0.9282642132043839
      ],
      "std": [
        0.12334091915262715,
        0.12564791793373958,
        0.1288509203428811,
        0.1281203168670441,
        0.13046697046982364,
        0.13114357032037866,
        0.1308582503380233,
        0.1323810196318694,
        0.13196444900708543,
        0.13124477747482483,
        0.13390933973555014,
        0.13477888182731157,
        0.13485517490323873,
        0.13529855070031402,
        0.1337478442571615,
        0.13511253833346631
      ]
    }
  },
  "average": {
    "ssim": {
      "mean": 0.31392350792884827,
      "std": 0.1206858828663826
    },
    "psnr": {
      "mean": 15.288287621963583,
      "std": 1.3353243882061252
    },
    "mse": {
      "mean": 0.03108799457550049,
      "std": 0.009583443403244019
    },
    "lpips": {
      "mean": 0.8991813261061907,
      "std": 0.1313575900809587
    }
  }
}