{
  "train_loss": [
    0.009638884556517534,
    0.006928182156632785,
    0.006200297589462938,
    0.0057023357211883246,
    0.005249748408721673,
    0.004968282117559829,
    0.004753577448845639,
    0.004593571375972359,
    0.0044394610984521046,
    0.004430759966639806
  ],
  "train_recon": [
    0.009464578091570235,
    0.006738269749476762,
    0.006007639488982675,
    0.005508054566910135,
    0.005056421883459983,
    0.0047751651747666045,
    0.0045608212720578195,
    0.0044014911791550575,
    0.0042482148559573225,
    0.00423921941478834
  ],
  "train_kl": [
    1.7430647264100596,
    1.8991240772586806,
    1.9265810872671811,
    1.94281155191377,
    1.9332652837944804,
    1.9311694780904913,
    1.9275617947684824,
    1.9208020501397929,
    1.9124624171194151,
    1.915405588749698
  ],
  "val_loss": [
    0.1976966853687155,
    0.19721226104599263,
    0.18972989744864976,
    0.18525800564390446,
    0.18163489348251327,
    0.1800614267828976,
    0.18057179535448792,
    0.17698064473597144,
    0.17703675765257615,
    0.17662221519087973
  ],
  "val_recon": [
    0.19751423066444243,
    0.19701650780946137,
    0.18950707386983068,
    0.18502903458198555,
    0.1814099339700421,
    0.17986419929666558,
    0.18036688831050388,
    0.17677723492688013,
    0.1768382568410051,
    0.17642459650391992
  ],
  "val_kl": [
    1.824539608800942,
    1.9575298947361317,
    2.2282325608527613,
    2.28970485901543,
    2.249595870855849,
    1.9722724930960158,
    2.0490705658067094,
    2.0340951068198634,
    1.9850073082726976,
    1.9761889212527255
  ],
  "lr": [
    9.757729755661011e-05,
    9.05463412215599e-05,
    7.959536998847742e-05,
    6.57963412215599e-05,
    5.05e-05,
    3.5203658778440106e-05,
    2.1404630011522586e-05,
    1.0453658778440107e-05,
    3.4227024433899e-06,
    1e-06
  ]
}